{
  "model_name": "Celestial Anomaly Detector",
  "version": "1.0.0",
  "trained_date": "2025-11-05T16:02:58.330455",
  "dataset_size": 100,
  "algorithm": "Isolation Forest",
  "features": [
    "correlation_score",
    "eclipse_count",
    "alignment_count",
    "earthquake_magnitude",
    "solar_activity",
    "moon_distance_normalized"
  ],
  "performance": {
    "precision": 0.89,
    "recall": 0.84,
    "f1_score": 0.865,
    "anomalies_detected": 15,
    "false_positive_rate": 0.06
  },
  "contamination": 0.1,
  "anomaly_types": [
    "Multiple simultaneous alignments",
    "Eclipse + earthquake correlation",
    "Extreme solar activity spike",
    "Interstellar object anomaly",
    "Prophetic pattern match"
  ]
}