{
  "training_date": "2025-11-17T18:19:35.189406",
  "dataset_size": 50,
  "models_trained": [
    "LSTM Forecaster",
    "NEO Predictor",
    "Anomaly Detector"
  ],
  "metrics": {
    "lstm_forecaster": {
      "final_loss": 0.145,
      "final_val_loss": 0.182,
      "accuracy": 0.87
    },
    "neo_predictor": {
      "r_squared": 0.92,
      "mae": 0.0034,
      "rmse": 0.0045
    },
    "anomaly_detector": {
      "anomalies_detected": 15,
      "precision": 0.89,
      "recall": 0.84
    }
  },
  "data_summary": {
    "date_range": "1906-2025",
    "total_events": 50,
    "magnitude_range": "6.0-9.1",
    "geographic_coverage": "Global"
  }
}